<keys>
	<key>
	  <name>GraveAccentAndTilde</name>
	  <l_key />
	  <d_key>
		<predefinedCommand>KeyboardStandardCommand</predefinedCommand>
	  </d_key>
	  <geometry>
		<point x="14" y="111" />
		<point x="44" y="111" />
		<point x="44" y="141" />
		<point x="14" y="141" />
	  </geometry>
	</key>
	<key>
	  <name>Escape</name>
	  <l_key />
	  <d_key>
		<predefinedCommand>KeyboardStandardCommand</predefinedCommand>
	  </d_key>
	  <geometry>
		<point x="14" y="66" />
		<point x="44" y="66" />
		<point x="44" y="96" />
		<point x="14" y="96" />
	  </geometry>
	</key>
	<key>
	  <name>F1</name>
	  <l_key />
	  <d_key>
		<predefinedCommand>KeyboardStandardCommand</predefinedCommand>
	  </d_key>
	  <geometry>
		<point x="84" y="66" />
		<point x="114" y="66" />
		<point x="114" y="96" />
		<point x="84" y="96" />
	  </geometry>
	</key>
	<key>
	  <name>F2</name>
	  <l_key />
	  <d_key>
		<predefinedCommand>KeyboardStandardCommand</predefinedCommand>
	  </d_key>
	  <geometry>
		<point x="124" y="66" />
		<point x="154" y="66" />
		<point x="154" y="96" />
		<point x="124" y="96" />
	  </geometry>
	</key>
	<key>
	  <name>F3</name>
	  <l_key />
	  <d_key>
		<predefinedCommand>KeyboardStandardCommand</predefinedCommand>
	  </d_key>
	  <geometry>
		<point x="169" y="66" />
		<point x="199" y="66" />
		<point x="199" y="96" />
		<point x="169" y="96" />
	  </geometry>
	</key>
	<key>
	  <name>F4</name>
	  <l_key />
	  <d_key>
		<predefinedCommand>KeyboardStandardCommand</predefinedCommand>
	  </d_key>
	  <geometry>
		<point x="209" y="66" />
		<point x="239" y="66" />
		<point x="239" y="96" />
		<point x="209" y="96" />
	  </geometry>
	</key>
	<key>
	  <name>F6</name>
	  <l_key />
	  <d_key>
		<predefinedCommand>KeyboardStandardCommand</predefinedCommand>
	  </d_key>
	  <geometry>
		<point x="319" y="66" />
		<point x="349" y="66" />
		<point x="349" y="96" />
		<point x="319" y="96" />
	  </geometry>
	</key>
	<key>
	  <name>F5</name>
	  <l_key />
	  <d_key>
		<predefinedCommand>KeyboardStandardCommand</predefinedCommand>
	  </d_key>
	  <geometry>
		<point x="279" y="66" />
		<point x="309" y="66" />
		<point x="309" y="96" />
		<point x="279" y="96" />
	  </geometry>
	</key>
	<key>
	  <name>F8</name>
	  <l_key />
	  <d_key>
		<predefinedCommand>KeyboardStandardCommand</predefinedCommand>
	  </d_key>
	  <geometry>
		<point x="404" y="66" />
		<point x="434" y="66" />
		<point x="434" y="96" />
		<point x="404" y="96" />
	  </geometry>
	</key>
	<key>
	  <name>F7</name>
	  <l_key />
	  <d_key>
		<predefinedCommand>KeyboardStandardCommand</predefinedCommand>
	  </d_key>
	  <geometry>
		<point x="364" y="66" />
		<point x="394" y="66" />
		<point x="394" y="96" />
		<point x="364" y="96" />
	  </geometry>
	</key>
	<key>
	  <name>F10</name>
	  <l_key />
	  <d_key>
		<predefinedCommand>KeyboardStandardCommand</predefinedCommand>
	  </d_key>
	  <geometry>
		<point x="514" y="66" />
		<point x="544" y="66" />
		<point x="544" y="96" />
		<point x="514" y="96" />
	  </geometry>
	</key>
	<key>
	  <name>F9</name>
	  <l_key />
	  <d_key>
		<predefinedCommand>KeyboardStandardCommand</predefinedCommand>
	  </d_key>
	  <geometry>
		<point x="474" y="66" />
		<point x="504" y="66" />
		<point x="504" y="96" />
		<point x="474" y="96" />
	  </geometry>
	</key>
	<key>
	  <name>F12</name>
	  <l_key />
	  <d_key>
		<predefinedCommand>KeyboardStandardCommand</predefinedCommand>
	  </d_key>
	  <geometry>
		<point x="599" y="66" />
		<point x="629" y="66" />
		<point x="629" y="96" />
		<point x="599" y="96" />
	  </geometry>
	</key>
	<key>
	  <name>F11</name>
	  <l_key />
	  <d_key>
		<predefinedCommand>KeyboardStandardCommand</predefinedCommand>
	  </d_key>
	  <geometry>
		<point x="559" y="66" />
		<point x="589" y="66" />
		<point x="589" y="96" />
		<point x="559" y="96" />
	  </geometry>
	</key>
	<key>
	  <name>PrintScreen</name>
	  <l_key />
	  <d_key>
		<predefinedCommand>KeyboardStandardCommand</predefinedCommand>
	  </d_key>
	  <geometry>
		<point x="654" y="66" />
		<point x="684" y="66" />
		<point x="684" y="96" />
		<point x="654" y="96" />
	  </geometry>
	</key>
	<key>
	  <name>ScrollLock</name>
	  <l_key />
	  <d_key>
		<predefinedCommand>KeyboardStandardCommand</predefinedCommand>
	  </d_key>
	  <geometry>
		<point x="694" y="66" />
		<point x="724" y="66" />
		<point x="724" y="96" />
		<point x="694" y="96" />
	  </geometry>
	</key>
	<key>
	  <name>PauseBreak</name>
	  <l_key />
	  <d_key>
		<predefinedCommand>KeyboardStandardCommand</predefinedCommand>
	  </d_key>
	  <geometry>
		<point x="734" y="66" />
		<point x="764" y="66" />
		<point x="764" y="96" />
		<point x="734" y="96" />
	  </geometry>
	</key>
	<key>
	  <name>PageUp</name>
	  <l_key />
	  <d_key>
		<predefinedCommand>KeyboardStandardCommand</predefinedCommand>
	  </d_key>
	  <geometry>
		<point x="735" y="112" />
		<point x="765" y="112" />
		<point x="765" y="142" />
		<point x="735" y="142" />
	  </geometry>
	</key>
	<key>
	  <name>Insert</name>
	  <l_key />
	  <d_key>
		<predefinedCommand>KeyboardStandardCommand</predefinedCommand>
	  </d_key>
	  <geometry>
		<point x="651" y="115" />
		<point x="681" y="115" />
		<point x="681" y="145" />
		<point x="651" y="145" />
	  </geometry>
	</key>
	<key>
	  <name>Home</name>
	  <l_key />
	  <d_key>
		<predefinedCommand>KeyboardStandardCommand</predefinedCommand>
	  </d_key>
	  <geometry>
		<point x="693" y="112" />
		<point x="723" y="112" />
		<point x="723" y="142" />
		<point x="693" y="142" />
	  </geometry>
	</key>
	<key>
	  <name>PageDown</name>
	  <l_key />
	  <d_key>
		<predefinedCommand>KeyboardStandardCommand</predefinedCommand>
	  </d_key>
	  <geometry>
		<point x="735" y="151" />
		<point x="765" y="151" />
		<point x="765" y="181" />
		<point x="735" y="181" />
	  </geometry>
	</key>
	<key>
	  <name>Delete</name>
	  <l_key />
	  <d_key>
		<predefinedCommand>KeyboardStandardCommand</predefinedCommand>
	  </d_key>
	  <geometry>
		<point x="651" y="151" />
		<point x="681" y="151" />
		<point x="681" y="181" />
		<point x="651" y="181" />
	  </geometry>
	</key>
	<key>
	  <name>End</name>
	  <l_key />
	  <d_key>
		<predefinedCommand>KeyboardStandardCommand</predefinedCommand>
	  </d_key>
	  <geometry>
		<point x="693" y="151" />
		<point x="723" y="151" />
		<point x="723" y="181" />
		<point x="693" y="181" />
	  </geometry>
	</key>
	<key>
	  <name>1</name>
	  <l_key />
	  <d_key>
		<predefinedCommand>KeyboardStandardCommand</predefinedCommand>
	  </d_key>
	  <geometry>
		<point x="54" y="111" />
		<point x="84" y="111" />
		<point x="84" y="141" />
		<point x="54" y="141" />
	  </geometry>
	</key>
	<key>
	  <name>2</name>
	  <l_key />
	  <d_key>
		<predefinedCommand>KeyboardStandardCommand</predefinedCommand>
	  </d_key>
	  <geometry>
		<point x="99" y="111" />
		<point x="129" y="111" />
		<point x="129" y="141" />
		<point x="99" y="141" />
	  </geometry>
	</key>
	<key>
	  <name>3</name>
	  <l_key />
	  <d_key>
		<predefinedCommand>KeyboardStandardCommand</predefinedCommand>
	  </d_key>
	  <geometry>
		<point x="139" y="111" />
		<point x="169" y="111" />
		<point x="169" y="141" />
		<point x="139" y="141" />
	  </geometry>
	</key>
	<key>
	  <name>4</name>
	  <l_key />
	  <d_key>
		<predefinedCommand>KeyboardStandardCommand</predefinedCommand>
	  </d_key>
	  <geometry>
		<point x="184" y="111" />
		<point x="214" y="111" />
		<point x="214" y="141" />
		<point x="184" y="141" />
	  </geometry>
	</key>
	<key>
	  <name>5</name>
	  <l_key />
	  <d_key>
		<predefinedCommand>KeyboardStandardCommand</predefinedCommand>
	  </d_key>
	  <geometry>
		<point x="224" y="111" />
		<point x="254" y="111" />
		<point x="254" y="141" />
		<point x="224" y="141" />
	  </geometry>
	</key>
	<key>
	  <name>6</name>
	  <l_key />
	  <d_key>
		<predefinedCommand>KeyboardStandardCommand</predefinedCommand>
	  </d_key>
	  <geometry>
		<point x="267" y="111" />
		<point x="297" y="111" />
		<point x="297" y="141" />
		<point x="267" y="141" />
	  </geometry>
	</key>
	<key>
	  <name>7</name>
	  <l_key />
	  <d_key>
		<predefinedCommand>KeyboardStandardCommand</predefinedCommand>
	  </d_key>
	  <geometry>
		<point x="304" y="111" />
		<point x="334" y="111" />
		<point x="334" y="141" />
		<point x="304" y="141" />
	  </geometry>
	</key>
	<key>
	  <name>0</name>
	  <l_key />
	  <d_key>
		<predefinedCommand>KeyboardStandardCommand</predefinedCommand>
	  </d_key>
	  <geometry>
		<point x="434" y="111" />
		<point x="464" y="111" />
		<point x="464" y="141" />
		<point x="434" y="141" />
	  </geometry>
	</key>
	<key>
	  <name>EqualsAndPlus</name>
	  <l_key />
	  <d_key>
		<predefinedCommand>KeyboardStandardCommand</predefinedCommand>
	  </d_key>
	  <geometry>
		<point x="514" y="111" />
		<point x="544" y="111" />
		<point x="544" y="141" />
		<point x="514" y="141" />
	  </geometry>
	</key>
	<key>
	  <name>MinusAndUnderscore</name>
	  <l_key />
	  <d_key>
		<predefinedCommand>KeyboardStandardCommand</predefinedCommand>
	  </d_key>
	  <geometry>
		<point x="474" y="111" />
		<point x="504" y="111" />
		<point x="504" y="141" />
		<point x="474" y="141" />
	  </geometry>
	</key>
	<key>
	  <name>9</name>
	  <l_key />
	  <d_key>
		<predefinedCommand>KeyboardStandardCommand</predefinedCommand>
	  </d_key>
	  <geometry>
		<point x="394" y="111" />
		<point x="424" y="111" />
		<point x="424" y="141" />
		<point x="394" y="141" />
	  </geometry>
	</key>
	<key>
	  <name>8</name>
	  <l_key />
	  <d_key>
		<predefinedCommand>KeyboardStandardCommand</predefinedCommand>
	  </d_key>
	  <geometry>
		<point x="349" y="111" />
		<point x="379" y="111" />
		<point x="379" y="141" />
		<point x="349" y="141" />
	  </geometry>
	</key>
	<key>
	  <name>T</name>
	  <l_key />
	  <d_key>
		<predefinedCommand>KeyboardStandardCommand</predefinedCommand>
	  </d_key>
	  <geometry>
		<point x="244" y="154" />
		<point x="274" y="154" />
		<point x="274" y="184" />
		<point x="244" y="184" />
	  </geometry>
	</key>
	<key>
	  <name>W</name>
	  <l_key />
	  <d_key>
		<predefinedCommand>KeyboardStandardCommand</predefinedCommand>
	  </d_key>
	  <geometry>
		<point x="119" y="154" />
		<point x="149" y="154" />
		<point x="149" y="184" />
		<point x="119" y="184" />
	  </geometry>
	</key>
	<key>
	  <name>U</name>
	  <l_key />
	  <d_key>
		<predefinedCommand>KeyboardStandardCommand</predefinedCommand>
	  </d_key>
	  <geometry>
		<point x="327" y="154" />
		<point x="357" y="154" />
		<point x="357" y="184" />
		<point x="327" y="184" />
	  </geometry>
	</key>
	<key>
	  <name>P</name>
	  <l_key />
	  <d_key>
		<predefinedCommand>KeyboardStandardCommand</predefinedCommand>
	  </d_key>
	  <geometry>
		<point x="453" y="154" />
		<point x="483" y="154" />
		<point x="483" y="184" />
		<point x="453" y="184" />
	  </geometry>
	</key>
	<key>
	  <name>Y</name>
	  <l_key />
	  <d_key>
		<predefinedCommand>KeyboardStandardCommand</predefinedCommand>
	  </d_key>
	  <geometry>
		<point x="287" y="154" />
		<point x="317" y="154" />
		<point x="317" y="184" />
		<point x="287" y="184" />
	  </geometry>
	</key>
	<key>
	  <name>BracketRight</name>
	  <l_key />
	  <d_key>
		<predefinedCommand>KeyboardStandardCommand</predefinedCommand>
	  </d_key>
	  <geometry>
		<point x="534" y="154" />
		<point x="564" y="154" />
		<point x="564" y="184" />
		<point x="534" y="184" />
	  </geometry>
	</key>
	<key>
	  <name>Q</name>
	  <l_key />
	  <d_key>
		<predefinedCommand>KeyboardStandardCommand</predefinedCommand>
	  </d_key>
	  <geometry>
		<point x="78" y="154" />
		<point x="108" y="154" />
		<point x="108" y="184" />
		<point x="78" y="184" />
	  </geometry>
	</key>
	<key>
	  <name>R</name>
	  <l_key />
	  <d_key>
		<predefinedCommand>KeyboardStandardCommand</predefinedCommand>
	  </d_key>
	  <geometry>
		<point x="204" y="154" />
		<point x="234" y="154" />
		<point x="234" y="184" />
		<point x="204" y="184" />
	  </geometry>
	</key>
	<key>
	  <name>O</name>
	  <l_key />
	  <d_key>
		<predefinedCommand>KeyboardStandardCommand</predefinedCommand>
	  </d_key>
	  <geometry>
		<point x="411" y="154" />
		<point x="441" y="154" />
		<point x="441" y="184" />
		<point x="411" y="184" />
	  </geometry>
	</key>
	<key>
	  <name>E</name>
	  <l_key />
	  <d_key>
		<predefinedCommand>KeyboardStandardCommand</predefinedCommand>
	  </d_key>
	  <geometry>
		<point x="162" y="154" />
		<point x="192" y="154" />
		<point x="192" y="184" />
		<point x="162" y="184" />
	  </geometry>
	</key>
	<key>
	  <name>BracketLeft</name>
	  <l_key />
	  <d_key>
		<predefinedCommand>KeyboardStandardCommand</predefinedCommand>
	  </d_key>
	  <geometry>
		<point x="494" y="154" />
		<point x="524" y="154" />
		<point x="524" y="184" />
		<point x="494" y="184" />
	  </geometry>
	</key>
	<key>
	  <name>I</name>
	  <l_key />
	  <d_key>
		<predefinedCommand>KeyboardStandardCommand</predefinedCommand>
	  </d_key>
	  <geometry>
		<point x="369" y="154" />
		<point x="399" y="154" />
		<point x="399" y="184" />
		<point x="369" y="184" />
	  </geometry>
	</key>
	<key>
	  <name>H</name>
	  <l_key />
	  <d_key>
		<predefinedCommand>KeyboardStandardCommand</predefinedCommand>
	  </d_key>
	  <geometry>
		<point x="296" y="196" />
		<point x="326" y="196" />
		<point x="326" y="226" />
		<point x="296" y="226" />
	  </geometry>
	</key>
	<key>
	  <name>S</name>
	  <l_key />
	  <d_key>
		<predefinedCommand>KeyboardStandardCommand</predefinedCommand>
	  </d_key>
	  <geometry>
		<point x="128" y="196" />
		<point x="158" y="196" />
		<point x="158" y="226" />
		<point x="128" y="226" />
	  </geometry>
	</key>
	<key>
	  <name>L</name>
	  <l_key />
	  <d_key>
		<predefinedCommand>KeyboardStandardCommand</predefinedCommand>
	  </d_key>
	  <geometry>
		<point x="420" y="196" />
		<point x="450" y="196" />
		<point x="450" y="226" />
		<point x="420" y="226" />
	  </geometry>
	</key>
	<key>
	  <name>D</name>
	  <l_key />
	  <d_key>
		<predefinedCommand>KeyboardStandardCommand</predefinedCommand>
	  </d_key>
	  <geometry>
		<point x="171" y="196" />
		<point x="201" y="196" />
		<point x="201" y="226" />
		<point x="171" y="226" />
	  </geometry>
	</key>
	<key>
	  <name>K</name>
	  <l_key />
	  <d_key>
		<predefinedCommand>KeyboardStandardCommand</predefinedCommand>
	  </d_key>
	  <geometry>
		<point x="378" y="196" />
		<point x="408" y="196" />
		<point x="408" y="226" />
		<point x="378" y="226" />
	  </geometry>
	</key>
	<key>
	  <name>J</name>
	  <l_key />
	  <d_key>
		<predefinedCommand>KeyboardStandardCommand</predefinedCommand>
	  </d_key>
	  <geometry>
		<point x="336" y="196" />
		<point x="366" y="196" />
		<point x="366" y="226" />
		<point x="336" y="226" />
	  </geometry>
	</key>
	<key>
	  <name>SemicolonAndColon</name>
	  <l_key />
	  <d_key>
		<predefinedCommand>KeyboardStandardCommand</predefinedCommand>
	  </d_key>
	  <geometry>
		<point x="462" y="196" />
		<point x="492" y="196" />
		<point x="492" y="226" />
		<point x="462" y="226" />
	  </geometry>
	</key>
	<key>
	  <name>ApostropheAndDoubleQuote</name>
	  <l_key />
	  <d_key>
		<predefinedCommand>KeyboardStandardCommand</predefinedCommand>
	  </d_key>
	  <geometry>
		<point x="503" y="196" />
		<point x="533" y="196" />
		<point x="533" y="226" />
		<point x="503" y="226" />
	  </geometry>
	</key>
	<key>
	  <name>G</name>
	  <l_key />
	  <d_key>
		<predefinedCommand>KeyboardStandardCommand</predefinedCommand>
	  </d_key>
	  <geometry>
		<point x="253" y="196" />
		<point x="283" y="196" />
		<point x="283" y="226" />
		<point x="253" y="226" />
	  </geometry>
	</key>
	<key>
	  <name>F</name>
	  <l_key />
	  <d_key>
		<predefinedCommand>KeyboardStandardCommand</predefinedCommand>
	  </d_key>
	  <geometry>
		<point x="213" y="196" />
		<point x="243" y="196" />
		<point x="243" y="226" />
		<point x="213" y="226" />
	  </geometry>
	</key>
	<key>
	  <name>A</name>
	  <l_key />
	  <d_key>
		<predefinedCommand>KeyboardStandardCommand</predefinedCommand>
	  </d_key>
	  <geometry>
		<point x="87" y="196" />
		<point x="117" y="196" />
		<point x="117" y="226" />
		<point x="87" y="226" />
	  </geometry>
	</key>
	<key>
	  <name>N</name>
	  <l_key />
	  <d_key>
		<predefinedCommand>KeyboardStandardCommand</predefinedCommand>
	  </d_key>
	  <geometry>
		<point x="317" y="235" />
		<point x="347" y="235" />
		<point x="347" y="265" />
		<point x="317" y="265" />
	  </geometry>
	</key>
	<key>
	  <name>C</name>
	  <l_key />
	  <d_key>
		<predefinedCommand>KeyboardStandardCommand</predefinedCommand>
	  </d_key>
	  <geometry>
		<point x="192" y="235" />
		<point x="222" y="235" />
		<point x="222" y="265" />
		<point x="192" y="265" />
	  </geometry>
	</key>
	<key>
	  <name>CommaAndLessThan</name>
	  <l_key />
	  <d_key>
		<predefinedCommand>KeyboardStandardCommand</predefinedCommand>
	  </d_key>
	  <geometry>
		<point x="399" y="235" />
		<point x="429" y="235" />
		<point x="429" y="265" />
		<point x="399" y="265" />
	  </geometry>
	</key>
	<key>
	  <name>V</name>
	  <l_key />
	  <d_key>
		<predefinedCommand>KeyboardStandardCommand</predefinedCommand>
	  </d_key>
	  <geometry>
		<point x="234" y="235" />
		<point x="264" y="235" />
		<point x="264" y="265" />
		<point x="234" y="265" />
	  </geometry>
	</key>
	<key>
	  <name>Z</name>
	  <l_key />
	  <d_key>
		<predefinedCommand>KeyboardStandardCommand</predefinedCommand>
	  </d_key>
	  <geometry>
		<point x="108" y="235" />
		<point x="138" y="235" />
		<point x="138" y="265" />
		<point x="108" y="265" />
	  </geometry>
	</key>
	<key>
	  <name>B</name>
	  <l_key />
	  <d_key>
		<predefinedCommand>KeyboardStandardCommand</predefinedCommand>
	  </d_key>
	  <geometry>
		<point x="274" y="235" />
		<point x="304" y="235" />
		<point x="304" y="265" />
		<point x="274" y="265" />
	  </geometry>
	</key>
	<key>
	  <name>X</name>
	  <l_key />
	  <d_key>
		<predefinedCommand>KeyboardStandardCommand</predefinedCommand>
	  </d_key>
	  <geometry>
		<point x="149" y="235" />
		<point x="179" y="235" />
		<point x="179" y="265" />
		<point x="149" y="265" />
	  </geometry>
	</key>
	<key>
	  <name>PeriodAndBiggerThan</name>
	  <l_key />
	  <d_key>
		<predefinedCommand>KeyboardStandardCommand</predefinedCommand>
	  </d_key>
	  <geometry>
		<point x="441" y="235" />
		<point x="471" y="235" />
		<point x="471" y="265" />
		<point x="441" y="265" />
	  </geometry>
	</key>
	<key>
	  <name>SlashAndQuestionMark</name>
	  <l_key />
	  <d_key>
		<predefinedCommand>KeyboardStandardCommand</predefinedCommand>
	  </d_key>
	  <geometry>
		<point x="483" y="235" />
		<point x="513" y="235" />
		<point x="513" y="265" />
		<point x="483" y="265" />
	  </geometry>
	</key>
	<key>
	  <name>M</name>
	  <l_key />
	  <d_key>
		<predefinedCommand>KeyboardStandardCommand</predefinedCommand>
	  </d_key>
	  <geometry>
		<point x="357" y="235" />
		<point x="387" y="235" />
		<point x="387" y="265" />
		<point x="357" y="265" />
	  </geometry>
	</key>
	<key>
	  <name>Tab</name>
	  <l_key />
	  <d_key>
		<predefinedCommand>KeyboardStandardCommand</predefinedCommand>
	  </d_key>
	  <geometry>
		<point x="15" y="151" />
		<point x="63" y="151" />
		<point x="63" y="184" />
		<point x="15" y="184" />
	  </geometry>
	</key>
	<key>
	  <name>CapsLock</name>
	  <l_key />
	  <d_key>
		<predefinedCommand>KeyboardStandardCommand</predefinedCommand>
	  </d_key>
	  <geometry>
		<point x="15" y="196" />
		<point x="75" y="196" />
		<point x="75" y="226" />
		<point x="15" y="226" />
	  </geometry>
	</key>
	<key>
	  <name>LeftShift</name>
	  <l_key />
	  <d_key>
		<predefinedCommand>KeyboardStandardCommand</predefinedCommand>
	  </d_key>
	  <geometry>
		<point x="15" y="235" />
		<point x="96" y="235" />
		<point x="96" y="265" />
		<point x="15" y="265" />
	  </geometry>
	</key>
	<key>
	  <name>LeftCtrl</name>
	  <l_key />
	  <d_key>
		<predefinedCommand>KeyboardStandardCommand</predefinedCommand>
	  </d_key>
	  <geometry>
		<point x="15" y="277" />
		<point x="63" y="277" />
		<point x="63" y="307" />
		<point x="15" y="307" />
	  </geometry>
	</key>
	<key>
	  <name>RightShift</name>
	  <l_key />
	  <d_key>
		<predefinedCommand>KeyboardStandardCommand</predefinedCommand>
	  </d_key>
	  <geometry>
		<point x="525" y="235" />
		<point x="627" y="235" />
		<point x="627" y="265" />
		<point x="525" y="265" />
	  </geometry>
	</key>
	<key>
	  <name>Enter</name>
	  <l_key />
	  <d_key>
		<predefinedCommand>KeyboardStandardCommand</predefinedCommand>
	  </d_key>
	  <geometry>
		<point x="546" y="196" />
		<point x="627" y="196" />
		<point x="627" y="226" />
		<point x="546" y="226" />
	  </geometry>
	</key>
	<key>
	  <name>Backspace</name>
	  <l_key />
	  <d_key>
		<predefinedCommand>KeyboardStandardCommand</predefinedCommand>
	  </d_key>
	  <geometry>
		<point x="555" y="112" />
		<point x="627" y="112" />
		<point x="627" y="142" />
		<point x="555" y="142" />
	  </geometry>
	</key>
	<key>
	  <name>LeftGui</name>
	  <l_key />
	  <d_key>
		<predefinedCommand>KeyboardStandardCommand</predefinedCommand>
	  </d_key>
	  <geometry>
		<point x="78" y="277" />
		<point x="108" y="277" />
		<point x="108" y="307" />
		<point x="78" y="307" />
	  </geometry>
	</key>
	<key>
	  <name>LeftAlt</name>
	  <l_key />
	  <d_key>
		<predefinedCommand>KeyboardStandardCommand</predefinedCommand>
	  </d_key>
	  <geometry>
		<point x="120" y="277" />
		<point x="159" y="277" />
		<point x="159" y="307" />
		<point x="120" y="307" />
	  </geometry>
	</key>
	<key>
	  <name>Space</name>
	  <l_key />
	  <d_key>
		<predefinedCommand>KeyboardStandardCommand</predefinedCommand>
	  </d_key>
	  <geometry>
		<point x="207" y="277" />
		<point x="390" y="277" />
		<point x="390" y="307" />
		<point x="207" y="307" />
	  </geometry>
	</key>
	<key>
	  <name>RightAlt</name>
	  <l_key />
	  <d_key>
		<predefinedCommand>KeyboardStandardCommand</predefinedCommand>
	  </d_key>
	  <geometry>
		<point x="444" y="277" />
		<point x="483" y="277" />
		<point x="483" y="307" />
		<point x="444" y="307" />
	  </geometry>
	</key>
	<key>
	  <name>RightGui</name>
	  <l_key />
	  <d_key>
		<predefinedCommand>KeyboardStandardCommand</predefinedCommand>
	  </d_key>
	  <geometry>
		<point x="495" y="277" />
		<point x="525" y="277" />
		<point x="525" y="307" />
		<point x="495" y="307" />
	  </geometry>
	</key>
	<key>
	  <name>Application</name>
	  <l_key />
	  <d_key>
		<predefinedCommand>KeyboardStandardCommand</predefinedCommand>
	  </d_key>
	  <geometry>
		<point x="537" y="277" />
		<point x="567" y="277" />
		<point x="567" y="307" />
		<point x="537" y="307" />
	  </geometry>
	</key>
	<key>
	  <name>RightCtrl</name>
	  <l_key />
	  <d_key>
		<predefinedCommand>KeyboardStandardCommand</predefinedCommand>
	  </d_key>
	  <geometry>
		<point x="579" y="277" />
		<point x="627" y="277" />
		<point x="627" y="307" />
		<point x="579" y="307" />
	  </geometry>
	</key>
	<key>
	  <name>UpArrow</name>
	  <l_key />
	  <d_key>
		<predefinedCommand>KeyboardStandardCommand</predefinedCommand>
	  </d_key>
	  <geometry>
		<point x="693" y="235" />
		<point x="723" y="235" />
		<point x="723" y="265" />
		<point x="693" y="265" />
	  </geometry>
	</key>
	<key>
	  <name>LeftArrow</name>
	  <l_key />
	  <d_key>
		<predefinedCommand>KeyboardStandardCommand</predefinedCommand>
	  </d_key>
	  <geometry>
		<point x="651" y="277" />
		<point x="681" y="277" />
		<point x="681" y="307" />
		<point x="651" y="307" />
	  </geometry>
	</key>
	<key>
	  <name>DownArrow</name>
	  <l_key />
	  <d_key>
		<predefinedCommand>KeyboardStandardCommand</predefinedCommand>
	  </d_key>
	  <geometry>
		<point x="693" y="277" />
		<point x="723" y="277" />
		<point x="723" y="307" />
		<point x="693" y="307" />
	  </geometry>
	</key>
	<key>
	  <name>RightArrow</name>
	  <l_key />
	  <d_key>
		<predefinedCommand>KeyboardStandardCommand</predefinedCommand>
	  </d_key>
	  <geometry>
		<point x="735" y="277" />
		<point x="765" y="277" />
		<point x="765" y="307" />
		<point x="735" y="307" />
	  </geometry>
	</key>
	<key>
	  <name>NumLock</name>
	  <l_key />
	  <d_key>
		<predefinedCommand>KeyboardStandardCommand</predefinedCommand>
	  </d_key>
	  <geometry>
		<point x="789" y="112" />
		<point x="819" y="112" />
		<point x="819" y="142" />
		<point x="789" y="142" />
	  </geometry>
	</key>
	<key>
	  <name>KeypadSlash</name>
	  <l_key />
	  <d_key>
		<predefinedCommand>KeyboardStandardCommand</predefinedCommand>
	  </d_key>
	  <geometry>
		<point x="828" y="112" />
		<point x="858" y="112" />
		<point x="858" y="142" />
		<point x="828" y="142" />
	  </geometry>
	</key>
	<key>
	  <name>KeypadAsterisk</name>
	  <l_key />
	  <d_key>
		<predefinedCommand>KeyboardStandardCommand</predefinedCommand>
	  </d_key>
	  <geometry>
		<point x="870" y="112" />
		<point x="900" y="112" />
		<point x="900" y="142" />
		<point x="870" y="142" />
	  </geometry>
	</key>
	<key>
	  <name>KeypadMinus</name>
	  <l_key />
	  <d_key>
		<predefinedCommand>KeyboardStandardCommand</predefinedCommand>
	  </d_key>
	  <geometry>
		<point x="912" y="112" />
		<point x="942" y="112" />
		<point x="942" y="142" />
		<point x="912" y="142" />
	  </geometry>
	</key>
	<key>
	  <name>Keypad7</name>
	  <l_key />
	  <d_key>
		<predefinedCommand>KeyboardStandardCommand</predefinedCommand>
	  </d_key>
	  <geometry>
		<point x="789" y="154" />
		<point x="819" y="154" />
		<point x="819" y="184" />
		<point x="789" y="184" />
	  </geometry>
	</key>
	<key>
	  <name>Keypad8</name>
	  <l_key />
	  <d_key>
		<predefinedCommand>KeyboardStandardCommand</predefinedCommand>
	  </d_key>
	  <geometry>
		<point x="828" y="154" />
		<point x="858" y="154" />
		<point x="858" y="184" />
		<point x="828" y="184" />
	  </geometry>
	</key>
	<key>
	  <name>Keypad9</name>
	  <l_key />
	  <d_key>
		<predefinedCommand>KeyboardStandardCommand</predefinedCommand>
	  </d_key>
	  <geometry>
		<point x="870" y="154" />
		<point x="900" y="154" />
		<point x="900" y="184" />
		<point x="870" y="184" />
	  </geometry>
	</key>
	<key>
	  <name>Keypad4</name>
	  <l_key />
	  <d_key>
		<predefinedCommand>KeyboardStandardCommand</predefinedCommand>
	  </d_key>
	  <geometry>
		<point x="789" y="196" />
		<point x="819" y="196" />
		<point x="819" y="226" />
		<point x="789" y="226" />
	  </geometry>
	</key>
	<key>
	  <name>Keypad5</name>
	  <l_key />
	  <d_key>
		<predefinedCommand>KeyboardStandardCommand</predefinedCommand>
	  </d_key>
	  <geometry>
		<point x="828" y="196" />
		<point x="858" y="196" />
		<point x="858" y="226" />
		<point x="828" y="226" />
	  </geometry>
	</key>
	<key>
	  <name>Keypad6</name>
	  <l_key />
	  <d_key>
		<predefinedCommand>KeyboardStandardCommand</predefinedCommand>
	  </d_key>
	  <geometry>
		<point x="870" y="196" />
		<point x="900" y="196" />
		<point x="900" y="226" />
		<point x="870" y="226" />
	  </geometry>
	</key>
	<key>
	  <name>Keypad1</name>
	  <l_key />
	  <d_key>
		<predefinedCommand>KeyboardStandardCommand</predefinedCommand>
	  </d_key>
	  <geometry>
		<point x="789" y="238" />
		<point x="819" y="238" />
		<point x="819" y="268" />
		<point x="789" y="268" />
	  </geometry>
	</key>
	<key>
	  <name>Keypad2</name>
	  <l_key />
	  <d_key>
		<predefinedCommand>KeyboardStandardCommand</predefinedCommand>
	  </d_key>
	  <geometry>
		<point x="828" y="238" />
		<point x="858" y="238" />
		<point x="858" y="268" />
		<point x="828" y="268" />
	  </geometry>
	</key>
	<key>
	  <name>Keypad3</name>
	  <l_key />
	  <d_key>
		<predefinedCommand>KeyboardStandardCommand</predefinedCommand>
	  </d_key>
	  <geometry>
		<point x="870" y="238" />
		<point x="900" y="238" />
		<point x="900" y="268" />
		<point x="870" y="268" />
	  </geometry>
	</key>
	<key>
	  <name>KeypadPeriodAndDelete</name>
	  <l_key />
	  <d_key>
		<predefinedCommand>KeyboardStandardCommand</predefinedCommand>
	  </d_key>
	  <geometry>
		<point x="870" y="277" />
		<point x="900" y="277" />
		<point x="900" y="307" />
		<point x="870" y="307" />
	  </geometry>
	</key>
	<key>
	  <name>Keypad0</name>
	  <l_key />
	  <d_key>
		<predefinedCommand>KeyboardStandardCommand</predefinedCommand>
	  </d_key>
	  <geometry>
		<point x="789" y="277" />
		<point x="858" y="277" />
		<point x="858" y="307" />
		<point x="789" y="307" />
	  </geometry>
	</key>
	<key>
	  <name>KeypadPlus</name>
	  <l_key />
	  <d_key>
		<predefinedCommand>KeyboardStandardCommand</predefinedCommand>
	  </d_key>
	  <geometry>
		<point x="912" y="154" />
		<point x="942" y="154" />
		<point x="942" y="226" />
		<point x="912" y="226" />
	  </geometry>
	</key>
	<key>
	  <name>KeypadEnter</name>
	  <l_key />
	  <d_key>
		<predefinedCommand>KeyboardStandardCommand</predefinedCommand>
	  </d_key>
	  <geometry>
		<point x="912" y="238" />
		<point x="942" y="238" />
		<point x="942" y="310" />
		<point x="912" y="310" />
	  </geometry>
	</key>
	<key>
	  <name>Brightness</name>
	  <d_key>
		<predefinedCommand>Brightness</predefinedCommand>
	  </d_key>
	  <geometry>
		<point x="657" y="16" />
		<point x="678" y="16" />
		<point x="678" y="37" />
		<point x="657" y="37" />
	  </geometry>
	  <l_key>
		<predefinedLightings>
		  <predefinedLighting mode="default" predefinedType="0">
			<predefinedFgLighting>Brightness</predefinedFgLighting>
		  </predefinedLighting>
		</predefinedLightings>
	  </l_key>
	</key>
	<key>
	  <name>WinLock</name>
	  <d_key>
		<predefinedCommand>WinLock</predefinedCommand>
	  </d_key>
	  <geometry>
		<point x="696" y="16" />
		<point x="717" y="16" />
		<point x="717" y="37" />
		<point x="696" y="37" />
	  </geometry>
	  <l_key>
		<predefinedLightings>
		  <predefinedLighting mode="default" predefinedType="0">
			<predefinedFgLighting>WinLock</predefinedFgLighting>
		  </predefinedLighting>
		</predefinedLightings>
	  </l_key>
	</key>
	<key>
	  <name>Mute</name>
	  <l_key />
	  <d_key>
		<predefinedCommand>KeyboardStandardCommand</predefinedCommand>
	  </d_key>
	  <geometry>
		<point x="825" y="16" />
		<point x="867" y="16" />
		<point x="867" y="40" />
		<point x="825" y="40" />
	  </geometry>
	</key>
	<key>
	  <name>Stop</name>
	  <l_key />
	  <d_key>
		<predefinedCommand>KeyboardStandardCommand</predefinedCommand>
	  </d_key>
	  <geometry>
		<point x="786" y="67" />
		<point x="825" y="67" />
		<point x="825" y="91" />
		<point x="786" y="91" />
	  </geometry>
	</key>
	<key>
	  <name>ScanPreviousTrack</name>
	  <l_key />
	  <d_key>
		<predefinedCommand>KeyboardStandardCommand</predefinedCommand>
	  </d_key>
	  <geometry>
		<point x="825" y="67" />
		<point x="867" y="67" />
		<point x="867" y="91" />
		<point x="825" y="91" />
	  </geometry>
	</key>
	<key>
	  <name>PlayPause</name>
	  <l_key />
	  <d_key>
		<predefinedCommand>KeyboardStandardCommand</predefinedCommand>
	  </d_key>
	  <geometry>
		<point x="867" y="67" />
		<point x="906" y="67" />
		<point x="906" y="91" />
		<point x="867" y="91" />
	  </geometry>
	</key>
	<key>
	  <name>ScanNextTrack</name>
	  <l_key />
	  <d_key>
		<predefinedCommand>KeyboardStandardCommand</predefinedCommand>
	  </d_key>
	  <geometry>
		<point x="906" y="67" />
		<point x="945" y="67" />
		<point x="945" y="91" />
		<point x="906" y="91" />
	  </geometry>
	</key>
	<key>
	  <name>Lang2</name>
	  <l_key />
	  <d_key>
		<predefinedCommand>KeyboardStandardCommand</predefinedCommand>
	  </d_key>
	  <geometry>
		<point x="171" y="277" />
		<point x="201" y="277" />
		<point x="201" y="307" />
		<point x="171" y="307" />
	  </geometry>
	</key>
	<key>
	  <name>Lang1</name>
	  <l_key />
	  <d_key>
		<predefinedCommand>KeyboardStandardCommand</predefinedCommand>
	  </d_key>
	  <geometry>
		<point x="402" y="277" />
		<point x="432" y="277" />
		<point x="432" y="307" />
		<point x="402" y="307" />
	  </geometry>
	</key>
	<key>
	  <name>Backslash</name>
	  <l_key />
	  <d_key>
		<predefinedCommand>KeyboardStandardCommand</predefinedCommand>
	  </d_key>
	  <geometry>
		<point x="576" y="154" />
		<point x="627" y="154" />
		<point x="627" y="184" />
		<point x="576" y="184" />
	  </geometry>
	</key>
</keys>