<?xml version="1.0" ?>
<device height="666" type="mouse" version="1" width="654">
	<modelName>Scimitar</modelName>
	<hidproto>nxp2000_mouse</hidproto>
	<protected_actions>
		<protected_action name="MouseStandardLeftClickCommand"/>
	</protected_actions>
	<XDeviceLightingSupport>1</XDeviceLightingSupport>
	<SupportsSetPollingRate>true</SupportsSetPollingRate>
	<NeedsWorkaroundSlowStartup>true</NeedsWorkaroundSlowStartup>
	<IsDualAssignments>true</IsDualAssignments>
	<IsLiftHeightWorkaroundNeeded>false</IsLiftHeightWorkaroundNeeded>
	<IsFourUserLedMouse>true</IsFourUserLedMouse>
	<subprofiles>
		<subprofile version="1">
			<name>Scimitar</name>
			<usb_pid>1b1e</usb_pid>
			<layouts>
				<layout pcb_layout="US" version="1">
					<layout_images>
						<layout default="1" name="uk">
							<image>image/scimitar.png</image>
							<side_image>image/scimitar-side-image.png</side_image>
							<top_image>image/scimitar-top-image.png</top_image>
							<light_zone_images>
								<zone type = "side">
									<image>image/scimitar-lighting-zone-side.png</image>
									<mask>image/scimitar-lighting-zone-side-mask.png</mask>
								</zone>
								<zone type = "front">
									<image>image/scimitar-lighting-zone-front.png</image>
									<mask>image/scimitar-lighting-zone-front-mask.png</mask>
								</zone>
								<zone type = "logo">
									<image>image/scimitar-lighting-zone-logo.png</image>
									<mask>image/scimitar-lighting-zone-logo-mask.png</mask>
								</zone>
								<zone type = "scroll">
									<image>image/scimitar-lighting-zone-scroll.png</image>
									<mask>image/scimitar-lighting-zone-scroll-mask.png</mask>
								</zone>
							</light_zone_images>
						</layout>
					</layout_images>
					<keys>
						<key>
							<name>Mouse1</name>
							<d_key>
								<predefinedCommand>MouseStandardLeftClickCommand</predefinedCommand>
							</d_key>
							<geometry>
								<point x="76" y="62"/>
								<point x="288" y="4"/>
								<point x="289" y="319"/>
								<point x="43" y="319"/>
								<point x="76" y="62"/>
							</geometry>
						</key>
						<key>
							<name>Mouse2</name>
							<d_key>
								<predefinedCommand>MouseStandardCommand</predefinedCommand>
							</d_key>
							<geometry>
								<point x="373" y="4"/>
								<point x="529" y="87"/>
								<point x="567" y="315"/>
								<point x="380" y="315"/>
								<point x="373" y="4"/>
							</geometry>
						</key>
						<key>
							<name>Mouse3</name>
							<d_key>
								<predefinedCommand>MouseStandardCommand</predefinedCommand>
							</d_key>
							<geometry>
								<point x="299" y="88"/>
								<point x="330" y="76"/>
								<point x="365" y="88"/>
								<point x="370" y="197"/>
								<point x="360" y="306"/>
								<point x="330" y="315"/>
								<point x="299" y="305"/>
								<point x="293" y="197"/>
								<point x="299" y="88"/>
							</geometry>
						</key>
						<key>
							<name>MouseFrontLed</name>
							<geometry>
								<point x="453" y="412"/>
								<point x="582" y="445"/>
								<point x="627" y="490"/>
								<point x="639" y="501"/>
								<point x="515" y="470"/>
								<point x="452" y="413"/>
							</geometry>
							<l_key>
								<disabledLightingTypes>
									<type>ripple</type>
									<type>wave</type>
								</disabledLightingTypes>
								<geometry>
									<point x="66" y="100"/>
									<point x="66" y="140"/>
									<point x="150" y="140"/>
									<point x="150" y="100"/>
								</geometry>
							</l_key>
						</key>
						<key>
							<name>MouseScrollLed</name>
							<geometry>
								<point x="238" y="73"/>
								<point x="308" y="142"/>
								<point x="345" y="126"/>
								<point x="342" y="105"/>
								<point x="333" y="86"/>
								<point x="320" y="68"/>
								<point x="300" y="53"/>
								<point x="281" y="46"/>
								<point x="264" y="48"/>
								<point x="249" y="53"/>
								<point x="240" y="60"/>
								<point x="237" y="71"/>
							</geometry>
							<l_key>
								<disabledLightingTypes>
									<type>ripple</type>
									<type>wave</type>
								</disabledLightingTypes>
								<geometry>
									<point x="140" y="0"/>
									<point x="140" y="130"/>
									<point x="210" y="130"/>
									<point x="210" y="0"/>
								</geometry>
							</l_key>
						</key>
						<key>
							<name>MouseDpiLed</name>
							<geometry>
								<point x="84" y="136"/>
								<point x="161" y="221"/>
								<point x="152" y="224"/>
								<point x="144" y="225"/>
								<point x="139" y="223"/>
								<point x="132" y="221"/>
								<point x="81" y="163"/>
								<point x="79" y="153"/>
								<point x="77" y="145"/>
								<point x="77" y="139"/>
								<point x="79" y="131"/>
								<point x="84" y="136"/>
							</geometry>
							<l_key>
								<dpiLightingKey>1</dpiLightingKey>
								<predefinedLightings>
									<predefinedLighting mode="default" predefinedType="0">
										<predefinedFgLighting>MouseDpiLightingScimitar</predefinedFgLighting>
									</predefinedLighting>
								</predefinedLightings>
								<disabledLightingTypes>
									<type>wave</type>
									<type>ripple</type>
								</disabledLightingTypes>
							</l_key>
						</key>
						<key>
							<name>MouseSideLed</name>
							<geometry>
								<point x="7" y="336"/>
								<point x="84" y="421"/>
								<point x="75" y="424"/>
								<point x="67" y="425"/>
								<point x="62" y="423"/>
								<point x="55" y="421"/>
								<point x="4" y="363"/>
								<point x="2" y="353"/>
								<point x="0" y="345"/>
								<point x="7" y="339"/>
								<point x="2" y="331"/>
								<point x="7" y="336"/>
							</geometry>
							<l_key>
								<disabledLightingTypes>
									<type>ripple</type>
									<type>wave</type>
								</disabledLightingTypes>
								<geometry>
									<point x="0" y="0"/>
									<point x="0" y="100"/>
									<point x ="60" y="117"/>
									<point x="176" y="117"/>
									<point x="176" y="0"/>
								</geometry>
							</l_key>
						</key>
						<key>
							<name>Mouse6</name>
							<displayName>4</displayName>
							<d_key>
								<predefinedCommand>DPI Up</predefinedCommand>
							</d_key>
							<geometry>
								<point x="310" y="345"/>
								<point x="364" y="344"/>
								<point x="363" y="435"/>
								<point x="310" y="435"/>
								<point x="310" y="345"/>
							</geometry>
						</key>
						<key>
							<name>Mouse7</name>
							<displayName>5</displayName>
							<d_key>
								<predefinedCommand>DPI Down</predefinedCommand>
							</d_key>
							<geometry>
								<point x="310" y="444"/>
								<point x="359" y="444"/>
								<point x="359" y="545"/>
								<point x="310" y="523"/>
								<point x="310" y="444"/>
							</geometry>
						</key>
						<key>
							<name>MouseG1</name>
							<displayName>01</displayName>
							<d_key/>
							<geometry>
								<point x="81" y="273"/>
								<point x="176" y="275"/>
								<point x="173" y="382"/>
								<point x="82" y="360"/>
								<point x="81" y="273"/>
							</geometry>
						</key>
						<key>
							<name>MouseG2</name>
							<displayName>02</displayName>
							<d_key/>
							<geometry>
								<point x="74" y="168"/>
								<point x="172" y="166"/>
								<point x="176" y="245"/>
								<point x="77" y="242"/>
								<point x="74" y="168"/>
							</geometry>
						</key>
						<key>
							<name>MouseG3</name>
							<displayName>03</displayName>
							<d_key/>
							<geometry>
								<point x="72" y="54"/>
								<point x="161" y="48"/>
								<point x="173" y="132"/>
								<point x="73" y="135"/>
								<point x="72" y="54"/>
							</geometry>
						</key>
						<key>
							<name>MouseG4</name>
							<displayName>04</displayName>
							<d_key/>
							<geometry>
								<point x="210" y="280"/>
								<point x="313" y="284"/>
								<point x="314" y="373"/>
								<point x="211" y="373"/>
								<point x="210" y="280"/>
							</geometry>
						</key>
						<key>
							<name>MouseG5</name>
							<displayName>05</displayName>
							<d_key/>
							<geometry>
								<point x="208" y="167"/>
								<point x="310" y="169"/>
								<point x="314" y="250"/>
								<point x="210" y="248"/>
								<point x="208" y="167"/>
							</geometry>
						</key>
						<key>
							<name>MouseG6</name>
							<displayName>06</displayName>
							<d_key/>
							<geometry>
								<point x="200" y="49"/>
								<point x="304" y="49"/>
								<point x="308" y="135"/>
								<point x="205" y="136"/>
								<point x="200" y="49"/>
							</geometry>
						</key>
						<key>
							<name>MouseG7</name>
							<displayName>07</displayName>
							<d_key/>
							<geometry>
								<point x="349" y="286"/>
								<point x="460" y="289"/>
								<point x="460" y="373"/>
								<point x="348" y="371"/>
								<point x="349" y="286"/>
							</geometry>
						</key>
						<key>
							<name>MouseG8</name>
							<displayName>08</displayName>
							<d_key/>
							<geometry>
								<point x="346" y="168"/>
								<point x="456" y="170"/>
								<point x="460" y="254"/>
								<point x="346" y="250"/>
								<point x="346" y="168"/>
							</geometry>
						</key>
						<key>
							<name>MouseG9</name>
							<displayName>09</displayName>
							<d_key/>
							<geometry>
								<point x="340" y="46"/>
								<point x="451" y="49"/>
								<point x="456" y="136"/>
								<point x="342" y="134"/>
								<point x="340" y="46"/>
							</geometry>
						</key>
						<key>
							<name>MouseG10</name>
							<displayName>10</displayName>
							<d_key/>
							<geometry>
								<point x="494" y="292"/>
								<point x="610" y="296"/>
								<point x="580" y="406"/>
								<point x="496" y="407"/>
								<point x="494" y="292"/>
							</geometry>
						</key>
						<key>
							<name>MouseG11</name>
							<displayName>11</displayName>
							<d_key/>
							<geometry>
								<point x="489" y="173"/>
								<point x="610" y="175"/>
								<point x="613" y="256"/>
								<point x="491" y="255"/>
								<point x="489" y="173"/>
							</geometry>
						</key>
						<key>
							<name>MouseG12</name>
							<displayName>12</displayName>
							<d_key/>
							<geometry>
								<point x="491" y="53"/>
								<point x="580" y="67"/>
								<point x="608" y="135"/>
								<point x="489" y="135"/>
								<point x="491" y="53"/>
							</geometry>
						</key>
						<key>
							<name>MouseLogoLed</name>
							<geometry>
								<point x="284" y="718"/>
								<point x="287" y="718"/>
								<point x="290" y="719"/>
								<point x="293" y="721"/>
								<point x="295" y="726"/>
								<point x="297" y="730"/>
								<point x="299" y="733"/>
								<point x="301" y="736"/>
								<point x="305" y="741"/>
								<point x="310" y="746"/>
								<point x="315" y="749"/>
								<point x="318" y="751"/>
								<point x="321" y="751"/>
								<point x="323" y="749"/>
								<point x="325" y="746"/>
								<point x="325" y="741"/>
								<point x="326" y="737"/>
								<point x="327" y="733"/>
								<point x="329" y="729"/>
								<point x="332" y="725"/>
								<point x="334" y="724"/>
								<point x="336" y="724"/>
								<point x="339" y="726"/>
								<point x="342" y="734"/>
								<point x="343" y="737"/>
								<point x="345" y="741"/>
								<point x="347" y="743"/>
								<point x="350" y="741"/>
								<point x="352" y="739"/>
								<point x="355" y="737"/>
								<point x="357" y="735"/>
								<point x="357" y="731"/>
								<point x="356" y="728"/>
								<point x="355" y="726"/>
								<point x="353" y="723"/>
								<point x="351" y="720"/>
								<point x="350" y="716"/>
								<point x="351" y="713"/>
								<point x="352" y="711"/>
								<point x="354" y="711"/>
								<point x="357" y="710"/>
								<point x="361" y="711"/>
								<point x="364" y="711"/>
								<point x="367" y="712"/>
								<point x="369" y="713"/>
								<point x="371" y="715"/>
								<point x="375" y="714"/>
								<point x="376" y="710"/>
								<point x="377" y="705"/>
								<point x="377" y="698"/>
								<point x="376" y="693"/>
								<point x="375" y="685"/>
								<point x="374" y="677"/>
								<point x="374" y="673"/>
								<point x="375" y="669"/>
								<point x="376" y="666"/>
								<point x="379" y="667"/>
								<point x="381" y="668"/>
								<point x="385" y="671"/>
								<point x="388" y="673"/>
								<point x="391" y="677"/>
								<point x="393" y="682"/>
								<point x="396" y="686"/>
								<point x="398" y="689"/>
								<point x="400" y="696"/>
								<point x="401" y="703"/>
								<point x="402" y="709"/>
								<point x="402" y="717"/>
								<point x="400" y="725"/>
								<point x="399" y="732"/>
								<point x="397" y="737"/>
								<point x="395" y="743"/>
								<point x="393" y="746"/>
								<point x="393" y="749"/>
								<point x="393" y="751"/>
								<point x="395" y="754"/>
								<point x="397" y="757"/>
								<point x="398" y="759"/>
								<point x="399" y="759"/>
								<point x="403" y="761"/>
								<point x="407" y="763"/>
								<point x="410" y="766"/>
								<point x="412" y="769"/>
								<point x="414" y="774"/>
								<point x="415" y="780"/>
								<point x="416" y="786"/>
								<point x="416" y="791"/>
								<point x="411" y="798"/>
								<point x="408" y="802"/>
								<point x="404" y="805"/>
								<point x="400" y="807"/>
								<point x="396" y="810"/>
								<point x="391" y="812"/>
								<point x="389" y="814"/>
								<point x="384" y="817"/>
								<point x="379" y="820"/>
								<point x="375" y="823"/>
								<point x="371" y="825"/>
								<point x="368" y="828"/>
								<point x="363" y="829"/>
								<point x="359" y="830"/>
								<point x="356" y="831"/>
								<point x="353" y="831"/>
								<point x="349" y="832"/>
								<point x="343" y="832"/>
								<point x="340" y="830"/>
								<point x="335" y="829"/>
								<point x="333" y="826"/>
								<point x="331" y="823"/>
								<point x="330" y="819"/>
								<point x="328" y="815"/>
								<point x="328" y="812"/>
								<point x="328" y="807"/>
								<point x="330" y="800"/>
								<point x="330" y="795"/>
								<point x="329" y="788"/>
								<point x="327" y="785"/>
								<point x="324" y="784"/>
								<point x="320" y="784"/>
								<point x="315" y="783"/>
								<point x="310" y="782"/>
								<point x="306" y="780"/>
								<point x="303" y="777"/>
								<point x="299" y="773"/>
								<point x="295" y="770"/>
								<point x="290" y="765"/>
								<point x="286" y="760"/>
								<point x="281" y="748"/>
								<point x="280" y="744"/>
								<point x="280" y="737"/>
								<point x="280" y="731"/>
								<point x="280" y="726"/>
								<point x="280" y="721"/>
							</geometry>
							<l_key>
								<disabledLightingTypes>
									<type>ripple</type>
									<type>wave</type>
								</disabledLightingTypes>
								<geometry>
									<point x="70" y="30"/>
									<point x="130" y="30"/>
									<point x="130" y="80"/>
									<point x="70" y="80"/>
								</geometry>
							</l_key>
						</key>
					</keys>
					<keysMap>
						<mapping d_key="Mouse3" l_key="MouseScrollLed"/>
						<mapping d_key="MouseG1" l_key="MouseSideLed"/>
						<mapping d_key="MouseG2" l_key="MouseSideLed"/>
						<mapping d_key="MouseG3" l_key="MouseSideLed"/>
						<mapping d_key="MouseG4" l_key="MouseSideLed"/>
						<mapping d_key="MouseG5" l_key="MouseSideLed"/>
						<mapping d_key="MouseG6" l_key="MouseSideLed"/>
						<mapping d_key="MouseG7" l_key="MouseSideLed"/>
						<mapping d_key="MouseG8" l_key="MouseSideLed"/>
						<mapping d_key="MouseG9" l_key="MouseSideLed"/>
						<mapping d_key="MouseG10" l_key="MouseSideLed"/>
						<mapping d_key="MouseG11" l_key="MouseSideLed"/>
						<mapping d_key="MouseG12" l_key="MouseSideLed"/>
					</keysMap>
					<lighting_zones>
						<lighting_zone name="1" type="logo">
							<keys>
								<key name="MouseLogoLed"/>
							</keys>
						</lighting_zone>
						<lighting_zone name="2" type="side">
							<keys>
								<key name="MouseSideLed"/>
							</keys>
						</lighting_zone>
						<lighting_zone name="3" type="scroll">
							<keys>
								<key name="MouseScrollLed"/>
							</keys>
						</lighting_zone>
						<lighting_zone name="4" type="front">
							<keys>
								<key name="MouseFrontLed"/>
							</keys>
						</lighting_zone>
					</lighting_zones>
				</layout>
			</layouts>
		</subprofile>
	</subprofiles>
	<performance dpiStep="100" maxDpi="12000" maxDpiSlots="5" minDpi="100">
		<pollingRates>
			<pollingRate>125</pollingRate>
			<pollingRate>250</pollingRate>
			<pollingRate>500</pollingRate>
			<pollingRate>1000</pollingRate>
		</pollingRates>
		<defaultDPI independent="false">
			<dpiStages>
				<dpi x="800" y="800"/>
				<dpi default="true" x="1500" y="1500"/>
				<dpi x="3000" y="3000"/>
				<dpi x="6000" y="6000"/>
				<dpi x="9000" y="9000"/>
			</dpiStages>
			<dpiSniper independent="0" x="800" y="800"/>
		</defaultDPI>
	</performance>
	<HwKeyIndexMap>
		<key index="9" >MouseG1</key>
		<key index="10">MouseG2</key>
		<key index="11">MouseG3</key>
		<key index="12">MouseG4</key>
		<key index="13">MouseG5</key>
		<key index="14">MouseG6</key>
		<key index="15">MouseG7</key>
		<key index="16">MouseG8</key>
		<key index="17">MouseG9</key>
		<key index="18">MouseG10</key>
		<key index="19">MouseG11</key>
		<key index="20">MouseG12</key>
	</HwKeyIndexMap>
</device>